Caller,Role,DirectPayloadEffect,OpenBoundary
sub_821B2C28,model subset drawing,no direct payload stores,callee side effects and indirect entry
sub_821D96D8,queued model drawing,queue metadata cleared,callee side effects and indirect entry
sub_8242D440,small vertex buffer update,120-byte copy through VB lock,resource provenance and saved aliases
sub_821D7468,model VB retirement,no direct payload stores,release and unbind callees
sub_821D75F8,model IB retirement,no direct payload stores,release and unbind callees
sub_8242E868,resource cleanup,null bindings and cleared handles,release callees and nested cleanup callbacks
sub_8242D138,resource cleanup,null bindings and cleared handles,virtual slots 0x3c and 0x58
sub_82139930,device binding reset,null bindings,no payload passed directly; callee side effects
sub_8242EB78,three-plane upload and six-index draw,row copies through texture lock,virtual source getter and callbacks at object+0x108 and +0x10c
