Destination,InitialSource,EstablishingFunction,ScopeLimit
channel+0x04,codec+0x14C plus channel_index*0x70,82445138 at 824451C4,Later replacement and index bounds
channel+0x08,codec+0x150 plus channel_index*0x70,82445138,Later replacement and index bounds
channel+0x34 and +0x94 when codec+0x118 is nonzero,channel+0x04,82449648 and 82445138,Later replacement and consumer extents
channel+0x34 and +0x94 when codec+0x118 is zero,codec+0x1B4 plus channel stride,82449648 and 82445138,Non-null shared buffer reuse path
channel+0x1A8,Fresh 28-byte descriptor via 8245A228,82444C90 at 82444CF0,Later replacement and aliases
descriptor+0x04,Fresh size 2*codec+0xE4+7 buffer via 8245A228,82444C90 at 82444D24,Guest arithmetic and bounds
descriptor+0x08,descriptor+0x04 plus 2,82444C90 at 82444D68,Later replacement and consumer extents
processing+0x1C0,Fresh channel_count squared times 4 allocation,8244BCB8 at 8244C1E0,Mode branch and later replacement
processing+0x1D0,Fresh channel_count squared times 4 allocation,8244BCB8 at 8244C1FC,Mode branch and later replacement
processing+0x1D4,Fresh channel_count squared times 4 allocation,8244BCB8 at 8244C218,Other consumers and later replacement
