Site,Source,Target,OwnerFlow,Scope
82439318,824391C0,8244B3B8,parser+0x248 to entry r3,Inspected direct path
8244B52C,8244B3B8,82445B98,entry r3 preserved,Inspected direct path
82445D7C,82445B98,processing+0x1F8,processing as entry r3,Conditional indirect dispatch
82449678,82449648,processing+0x1F8,Selects 82448C08 or 82447AA0,Setup store not a call
82448EB4,82448C08,82448878,codec as r3 and processing as r4,Inspected branch
82448EBC,82448C08,82448A28,codec as r3 and processing as r4,Inspected branch
82448EF0,82448C08,82448370,codec as r3 and processing as r4,Inspected branch
8246CE70,8246CD78,8246C7F8,entry processing r3 preserved,Constant-target indirect call
8246CCAC,8246C7F8,8246C3C0,entry processing r3 preserved,Inspected direct path
8246CAF0,8246C7F8,8246C0D8,SP+0x50 as r3 and processing+0x204 as r7,Inspected direct path
8246C520,8246C3C0,8246C0D8,SP+0x50 as r3 and processing+0x204 as r7,Inspected direct path
8246C244,8246C0D8,82460668,output is entry r7+0x34 hence processing+0x238,Inspected direct paths only
