Function,ReviewState,ObservedRole,OpenBoundary
82460098,body_reviewed_partial,Adjust remaining count and rewind cursor,Reader state identity
824604D8,body_reviewed_partial,Refill via state callback and 82445618,State+0 callback and callback context ownership
824607D8,body_reviewed_partial,Read unary bits and accumulate caller output,Caller output aliases and refill callback
82460958,body_reviewed_partial,Consume bits and update reader state,Refill callback
8245FE78,body_reviewed_partial,Rewind to original input and prime accumulator,Byte callback identity and reader state identity
8245FFD0,body_reviewed_partial,Calculate available bits without stores,Reader state identity
8245FD78,body_reviewed_partial,Adjust input extent and prime accumulator,Byte callback identity and reader state identity
824601A8,body_reviewed_partial,Initialize state with null input and default byte callback,All callers and subsequent state overwrites
8245FBD8,body_reviewed_partial,Reset counters and conditionally clear retained pointers,Pointer reset is conditional on owner+0x2C0
82460668,body_reviewed_partial,Read up to 24 bits into caller output,Caller output aliases and refill callback
8245FF80,body_reviewed_partial,Query end state without stores,Reader state identity
