CallAddress,Classification,Evidence,RemainingBoundary
82460F0C,branch_stack_output,r5=SP+0x50 before branch,Later result copies and indirect callers
82460F24,branch_stack_output,Only generated branch to 82460F20 preserves prepared r5=SP+0x50,Later result copies and indirect callers
82462DD8,stack_output,r5=SP+0x50 before arithmetic and trap checks,Later result copies and indirect callers
82462EF0,owner_field_output,r5=[processing object+0]+0x260 linked through parser decode loop,Later codec-pointer replacement and other entry paths
82464214,branch_stack_output,r5=SP+0x50 before channel-count branch,Later result copies and indirect callers
8246424C,branch_stack_output,Only generated branch to 8246424C preserves prepared r5=SP+0x50,Later result copies and indirect callers
82466C1C,owner_field_output,r4=processing object+0xC8 linked through parser decode loop,Later processing-pointer replacement and other entry paths
8246ADAC,branch_stack_output,r5=SP+0x50 before branch,Later result copies and indirect callers
8246AE80,branch_stack_output,Only generated branch to 8246AE78 preserves prepared r5=SP+0x50,Later result copies and indirect callers
8246C1F0,forwarded_output,Entry r3 of 8246C0D8 held in r29,Both direct callers supply stack but indirect callers remain
8246C20C,forwarded_output,Entry r3 of 8246C0D8 held in r29,Both direct callers supply stack but indirect callers remain
8246C228,forwarded_output,Entry r3 of 8246C0D8 held in r29,Both direct callers supply stack but indirect callers remain
8246C244,owner_field_output,processing+0x238 through inspected codec dispatch chain,Later owner/callback replacement and alternative entry paths
8246C264,forwarded_output,Entry r3 of 8246C0D8 held in r29,Both direct callers supply stack but indirect callers remain
