Caller,CallPC,VisitedTracker,DestinationKind,Status
821D5020,821D50DC,8257C334,record-relative relocated field,record allocation and extent unresolved
821DAF08,821DAFC0,8257C354,record plus field 0,record allocation and extent unresolved
821D5120,821D5264,8257C334,name-index entry plus relocated field 0,SGO conversion context; allocation and extent unresolved
820B7110,820B75B4,8257867C,record plus field 98,record allocation and extent unresolved
820B7110,820B75C4,8257867C,record plus field a0,record allocation and extent unresolved
820B7110,820B75D4,8257867C,record plus field a8,record allocation and extent unresolved
821DA5E8,821DA784,8257C354,record-relative relocated field,record allocation and extent unresolved
821D9F38,821DA098,8257C34C,record-relative relocated field,DXB conversion context; allocation and extent unresolved
821D9F38,821DA0A8,8257C34C,record plus field 0,DXB conversion context; allocation and extent unresolved
821DABA0,821DAEC4,8257C354,record-relative relocated field,record allocation and extent unresolved
821D9820,821D9B50,8257C344,record plus field 0,record allocation and extent unresolved
820B7B00,820B7C48,82578684,record plus field 0,record allocation and extent unresolved
821DA1D0,821DA30C,8257C354,record-relative relocated field,record allocation and extent unresolved
820B75E0,820B7784,8257867C,record-relative relocated field,record allocation and extent unresolved
821DAA08,821DAB48,8257C354,record-relative relocated field,record allocation and extent unresolved
821DAA08,821DAB58,8257C354,record plus field 4,record allocation and extent unresolved
820B7CC0,820B7EA4,82578684,record plus field 0,record allocation and extent unresolved
820B7CC0,820B7EB4,82578684,record plus field 4,record allocation and extent unresolved
820B7050,820B70FC,8257867C,record-relative relocated field,record allocation and extent unresolved
820B7ED0,820B7F7C,82578684,record-relative relocated field,record allocation and extent unresolved
821D7038,821D70E8,8257C33C,record-relative relocated field,record allocation and extent unresolved
