Caller,Callee,ReturnAddress,NativeCoverage,OpenBoundary
sub_821D4380,sub_8212FC28,821D4404,Actual backing retired before conditional growth temporary cleanup,Branch reachability and concurrent ownership not certified
sub_821D18E0,sub_8212FC28,821D190C,Actual backing retired before physical buffer replacement,Unregistered aliases and concurrent ownership unresolved
sub_8212F4B8,sub_8212FC28,inherited,Physical nonnull branch retires actual backing before retail dispatch,Indirect lock inheritance and concurrent ownership not certified
sub_821D1890,sub_8212FC28,821D18B4,Actual backing retired before physical buffer cleanup,Unregistered aliases and concurrent ownership unresolved
sub_821D3A40,sub_8212FC28,821D3A90,Whole-pool retirement before list destruction,Concurrent list mutation and indirect entries not certified
sub_821D3B68,sub_8212FC28,821D3BEC,Actual backing retired at selected free hook,Concurrent allocator ordering and unregistered aliases unresolved
sub_8212FC28,__imp__MmFreePhysicalMemory,inherited,Adapter r3 to r4 and type zero; selected caller hook only,Other callers and registered indirect entries unresolved
sub_82145A40,__imp__MmFreePhysicalMemory,82145A94,Legacy capture first buffer policy-zero release; type two,Native capture replacement and cross-resource alias exclusion remain open
sub_82145A40,__imp__MmFreePhysicalMemory,82145AD0,Legacy capture second buffer policy-zero release; type two,Native capture replacement and cross-resource alias exclusion remain open
sub_82151460,__imp__MmFreePhysicalMemory,821519A4,Removed from generated native presentation with placeholder allocation,Retail fallback retains site; native capture lifecycle is separate
